日本航空邮简（飞天）	i8/T1wdRXXXXdUIy2D6DX_085654.jpg	邮简
老磁卡收藏品作废卡中国缴费充值卡真品老货八九十年代怀旧老物件	i3/T1k9NGXoBEXXX7z17T_011520.jpg	缴费卡
哑鼓垫套装静音鼓 架子鼓鼓棒 吊镲架 练习鼓 五鼓哑鼓 鼓钥匙	i1/13922019961697104/T1PBFyXyRXXXXXXXXX_!!0-item_pic.jpg	架子鼓
【全球购】美国代购 PS3 MADCATZ round 2 街霸 锦标赛摇杆	i6/T15w0DXeNrXXclGnoT_012858.jpg	游戏摇杆
适用台湾光阳原装巡洋舰 A博士 KBE125/150汽缸盖垫片/O型圈/个	i7/T19j8tXb8kXXbTtiZ__110008.jpg	摩托车气缸
湘潭建设工程交易IC，早期，作废供收藏	i8/T1pmNAXexBXXbZoSrb_095205.jpg	缴费卡
景泰蓝 4全 福建， FJDX-NP-76.	i2/T1IkxbFP0bXXXXXXXX_!!0-item_pic.jpg	缴费卡
衡阳早期201 HYT-2002-3 流星花园 10全.	i7/T1LNVzXnNtXXczY5I0_035608.jpg	缴费卡
服务就业 1全 长沙 CSTC（2004-2）.	i5/T1ed0BXoXgXXcKIp79_102334.jpg	缴费卡
DC电源插头 圆帽 5.5*2.1*9.5 高品质 短头	i3/13472029059677395/T12XnfFiXgXXXXXXXX_!!0-item_pic.jpg	音频插座
青岛海凉粉 食品级布丁果冻粉 寒天粉琼脂粉洋菜粉麒麟菜粉石花菜	i3/TB1Rpq0HFXXXXb0XpXXXXXXXXXX_!!0-item_pic.jpg	琼脂
先导式卸荷阀 DAW10B	i1/TB1cMGRJFXXXXcCXpXXXXXXXXXX_!!0-item_pic.jpg	油压机
[冲4钻!]C8051F USB仿真器/EC3/EC5/EC6 38元	i2/T1f4xRXmRfXXbFkfrb_093712.jpg	开发板
8deco烟斗保养清洁刷胶头设计不伤斗壁3MM烟道清理清洁工具 耗材	i4/TB1tOsdLFXXXXbTXXXXXXXXXXXX_!!0-item_pic.jpg	通条
值得收藏的公路赛车	i5/T1ZUtHXdRwXXXM2z34_053519.jpg	越野公路车
电动 自行车后架 标准 儿童座椅 1-5岁幼宝适用  送传统款棉棚	i3/14665803/O1CN01CMZ4Xj1sjov8Dx1RN_!!0-item_pic.jpg	后置座椅
康柏COMPAQ3630，3660，3760掌上电脑看书玩游戏	i3/T1T1XJXj0JXXambz.__110144.jpg	掌上电脑
IC-19，唐诗-唐代诗人IC，5全同版，换芯全品	i3/10041814/O1CN01KsnysL1PGr0R1WxZx_!!10041814.jpg	缴费卡
适用轻骑铃木骏威GSX125化油器前接口摩托车QS125-3ABC进气喉管头	i1/462884894/TB2leQAbsnI8KJjSsziXXb8QpXa_!!462884894.jpg	摩托车发动机
礼品南京特产 吉祥云锦 南京云锦研究所 工艺品 春风牡丹精品挂轴	i2/TB1xL65HFXXXXbFXXXXXXXXXXXX_!!0-item_pic.jpg	挂轴
金鸡贺岁--窗花艺术 4全 桂林 gxtgl-2005-1.	i2/T1pw8YXmJsXXXlIAM__110233.jpg	缴费卡
日本真善美 MB-4单头4针电脑绣花机	i4/T1yhRoXaXsXXXJ8gs8_100520.jpg	绣花机
全铜材料 4分6分 通用涌泉（鼓泡）喷头 流水喷泉 水景景观水池	i4/151436502/O1CN01UBzWQg1xtxnAk3U7d_!!0-item_pic.jpg	喷泉
FDN302P NDS338P 原装正品	i4/508781991/TB2.x8jXpYC11BjSspfXXXcPFXa_!!508781991.png	场效应管
沉稳奢华 天然黑玛瑙镜面 金银色方形法式袖扣cufflinks 22007	i3/T1LdF9XflCXXae8mTb_094947.jpg	纽扣
禾丰单头电脑绣花机 帽子T恤 单头刺绣机器工业小型电脑绣花 多头	i4/734318245/O1CN01XePXLP2AmGG8D2NbL_!!734318245.jpg	绣花机
老照片【文革时期照片】	i2/T1VjekXepBXXXzGpw__074908.jpg	照片书
顺丰包邮 法式鹅肝 肥鹅肝 鹅肝切片400g装 送4个黄油 四个蓝莓酱	i2/803110963/O1CN01EYmoeb1Iz5t3KSn8N_!!0-item_pic.jpg	生鹅肉
滑翔伞动力伞用刹车绳	i1/T1td1LXcpoXXajGf_a_120850.jpg	滑翔伞
【古木派生活馆】全面促销短逆毛荷兰猪颜色可选	i3/13306027376888049/T1KAZeXnJXXXXXXXXX_!!0-item_pic.jpg	宠物豚鼠
广东200卡P0323兜兰4全	i4/T1rcKUXeNoXXbiz4c9_103537.jpg	缴费卡
防滑胶贴 止滑胶贴 防跌倒胶贴 防摔跤胶贴 防跌跤胶贴 防歪胶贴	i1/410632281/TB2RuvFXMZEF1JjSZFtXXau2FXa_!!410632281.jpg	胶卷
小提琴松香 中提琴松香 大提琴松香 乐器松香	i1/T1wUeMXbXfXXak_h7W_023716.jpg	松香
LPC2109FBD64 TQFP64 全新原装	i8/T1jInxXjhgXXb.BO3U_014945.jpg	开发板
田岛电脑绣花机正宗H牌动刀  TAJIMA绣花机剪线刀 AC0516000000	i4/692256385/TB2wAqWpVXXXXbrXpXXXXXXXXXX_!!692256385.jpg	绣花机
IRF620PBF IRF620  全新原装IR公司 TO-220	i3/T1afMbXhhfXXbXFeg0_035033.jpg	场效应管
尖底 枚红色 合成红宝石 裸石  心形 人造宝石 DIY 戒面 红刚玉	i2/78449201/O1CN018nB7VO2Hq6pZKHpbQ_!!0-item_pic.jpg	刚玉
新疆 乌斯曼/玛草生眉液 营养液 草液 男女可用 包邮	i2/27440927/TB2rWf3amzC11BjSszhXXbGVFXa_!!27440927.jpg	眉膏
原装进口SSP4N70 当天发货	i3/T1RmbqXkVgXXX3YSE6_062726.jpg	场效应管
家用酸奶机配件专用一升不锈钢内胆容器适合各种型号的小熊酸奶机	i2/13671031153424049/T11DkYXhxfXXXXXXXX_!!0-item_pic.jpg	酸奶机配件
美国代购NATUREMADE氨基葡萄糖维软骨素力中老年关节营养品220粒	i2/TB1FoKRFVXXXXXYXXXXXXXXXXXX_!!0-item_pic.jpg	成人葡萄糖
美国品牌Concept2划船机C2室内原D型升级版家用RowErg风阻划船器	i1/14001188/O1CN01cwmUX41Ke9Gkv0BDn_!!14001188.jpg	划船机
有线电视公头 电视插头	i4/15176022028233768/T1JSahXyhfXXXXXXXX_!!0-item_pic.jpg	音频插座
金鹭达4分外螺纹铜喷头 喷灌雾化喷头 假山雾化喷头 景观喷头	i3/252726474/TB2GiWkjl8lpuFjy0FnXXcZyXXa_!!252726474.jpg	喷泉
彩奥碳晶地暖电热地垫暖脚垫发热地暖电热地毯居家办公183*350	i3/1726420508/O1CN01X5dum61FchuRxzg9A_!!0-item_pic.jpg	电热毯
◆日本直送 Maxfactory figma 少女与战车 安丘比 日版	i1/34434847/TB2j5oxXZoa61BjSspdXXajFVXa_!!34434847.jpg	盲盒
供应原装 IRF7103   IRF7103TRPBF	i2/17606040235584492/T1DvGUFjpeXXXXXXXX_!!0-item_pic.jpg	场效应管
沁足雅藏红花藏药浴足粉泡脚粉足浴粉	i4/1084258094/TB2DE79oLDH8KJjy1XcXXcpdXXa_!!1084258094.jpg	浴足剂
野生农家葛根葛根片 老葛根泡茶 柴葛 解酒醒酒养生茶500克包邮	i2/663998682/O1CN01mElLPO2E0PKshURaX_!!663998682.png	葛根
原装飞塔 Fortinet Fortigate 60B  硬件UTM防火墙 60b 现货	i1/13224037864892418/T16PB1FhNXXXXXXXXX_!!0-item_pic.jpg	UTM
