餐桌圆桌面板家用10人饭桌圆形饭店简易园餐桌酒店餐桌折叠大圆桌	i1/2208785298908/O1CN01LU0uIU2FfutQEmoeM_!!0-item_pic.jpg	简易餐桌加厚大圆桌面家用饭桌宴席餐厅饭店食堂转盘大桌子经济型	i1/1914033232/O1CN016jo3Gf1ZkIn52aynL_!!0-item_pic.jpg	1
TOTO CW764RB/SW764RB/TC394CVK  坐便器	i2/835/O1CN01hzDaka1I2TDyio7Dy_!!835-0-easyhome.jpg	TOTO 陶瓷洁具 分体坐便器 CW804RBT400/SWN804RB/TC394CVK	i3/1627473180/O1CN01NYFYkS1ZMU0KfjsyY_!!0-item_pic.jpg	0
啄木鸟名牌运动服套装女装春秋款2021年早秋季妈妈秋装时尚休闲卫衣三件套	i2/2209330964649/O1CN012188VL1kDI1NDDuMV_!!2209330964649-0-tblite.jpg	啄木鸟名牌运动服2022新款春季休闲时尚洋气2021春秋卫衣套装女秋	i3/323972928/O1CN01pQG04P1XV4NygwU4S_!!323972928.jpg	1
菲玛仕北欧风梳妆台一体儿童书桌卧室现代简约多功能床头收纳柜yn	i4/2206384590783/O1CN01x9WEWK1Heel0FnL5J_!!2206384590783-0-easyhome.jpg	菲玛仕 意式岩板梳妆台收纳柜卧室现代简约北欧网红ins风化妆台yn	i4/2206384590783/O1CN01s3aqvR1Heel17d7EB_!!2206384590783-0-easyhome.jpg	0
吾尊男士面霜护肤品乳液男秋冬季补水保湿霜控油水乳润肤护擦脸油	i4/2211428491833/O1CN01nLKPwB1PPYhAJUG17_!!0-item_pic.jpg	吾尊动能控油酷爽凝露50ml补水保湿乳男士专用官方正品旗舰店	i4/2211428491833/O1CN0197rrvA1PPYh5LP3ic_!!0-item_pic.jpg	0
蕾丝打底衬衫女内搭长袖高领洋气春秋冬加绒加厚气质T恤上衣小衫	i1/2784444625/O1CN01YdfXJz1k2IWFqNxHS_!!2784444625.jpg	折扣商场专柜撤柜女装春秋新款加绒蕾丝打底衫女长袖衬衫黑色衬衣	i4/2849518900/O1CN01bRER1s2FcFhasuqu8_!!2849518900.jpg	1
杨贵妃淘米水洗发水 黑发正品柔顺温和 无硅油洗护套装白发护发素	i3/2639374163/O1CN01M0Ar7W1gchQuD4vIq_!!2639374163.jpg	杨贵妃淘米水洗发水洗发露正品白转黑发焗油养发柔顺改善掉发套装	i4/2209571480155/O1CN01GBS2ly1D123s0YQPz_!!2209571480155.jpg	1
智能手环蓝牙电话手表触屏太空人多功能运动男女学生情侣苹果通用	i4/2212751895747/O1CN01FYKQLP1sKAugAPpua_!!2212751895747-0-tblite.jpg	智能手环蓝牙电话手表触屏多功能运动男女学生情侣闹钟音乐播放	i2/341382448/O1CN01CiNyzM1TxEGMDvQya_!!341382448.jpg	1
君耀HD320-28火锅电磁炉商用酒店方形大功率嵌入式线控2800W圆形	i1/647909446/O1CN01Yjap6w2JeJjmhtNCs_!!647909446.jpg	火锅电磁炉方形商用嵌入式下沉纯铜3000W大功率线控饭店火锅店用	i1/395818814/O1CN01y7hba42EyraLnoUaQ_!!395818814.jpg	0
大锅大号家用特大号炖肉不生锈的铁锅老款双耳朵不粘锅抄莱老式	i1/2211032071661/O1CN01So5sWa1O8maxLmSuW_!!2211032071661.jpg	加厚铸铁锅老式双耳铁锅大号炒锅电磁炉专用炒菜锅大锅平底锅家用	i2/2210743483889/O1CN01EynqW11ebD1SAlGgL_!!2210743483889.jpg	0
美的饮水机家用立式冷热全自动桶装水办公室YR1126S-X/YD1126S-X	i1/3836730993/O1CN01VeoocP1JCpwGQiSg5_!!3836730993.jpg	美的饮水机YD1515S-X家用立式YR1513S-X冷热全自制冷制热桶装水机	i3/3905503817/O1CN01t6y3T11e4ELCorbeB_!!3905503817.jpg	0
兰芝睡眠面膜女夜间修护补水保湿免洗涂抹式面膜收缩毛孔旗舰官网	i4/2207563780449/O1CN01ChSA651FBgYvv6Z2h_!!0-item_pic.jpg	韩国正品Laneige/兰芝睡眠面膜免洗补水保湿补水夜间修护旗舰70ml	i1/2861689487/O1CN01p4EMZz2Jx6CXfEmR9_!!0-item_pic.jpg	1
